1;recodex.hdf5;dense-64;0.8567429780960083;0.864302933216095;0.825320303440094;0.8449291586875916;0.885836660861969;0.8148583769798279;0.8681526780128479;0.8762783408164978;0.8647437691688538;0.8310288786888123;0.8304337859153748;0.8528197407722473;0.8281635642051697;0.8589176535606384;0.8849990963935852;0.8700187802314758;0.8674106597900391;0.8741844892501831;0.7986070513725281;0.8337031006813049;0.8476622104644775;0.853253185749054;0.8421593904495239;0.8814212083816528;0.8374279737472534;0.8344966173171997;0.8241962790489197;0.8043155670166016;0.8173416256904602;0.8099873661994934;0.7911866903305054;0.8097302317619324;0.8448483347892761;0.8612098693847656;0.9174503087997437;0.8963868021965027;0.8823174834251404;0.9040716290473938;0.8286998867988586;0.8944398760795593;0.8967027068138123;0.8438858985900879;0.871076762676239;0.8909721374511719;0.8613494634628296;0.8840587139129639;0.8570736050605774;0.8800913691520691;0.9146144390106201;0.8035367727279663;0.8999059796333313;0.8931394815444946;0.7989009022712708;0.8515046238899231;0.8143808245658875;0.8290011286735535;0.8917655944824219;0.9165686964988708;0.8347684144973755;0.8687037229537964;0.8596450090408325;0.8796946406364441;0.8659412860870361;0.8748236894607544;0.8664188385009766;0.8245856165885925;0.8018396496772766;0.8957917094230652;0.8426075577735901;0.8785632252693176;0.8868578672409058;0.8787248730659485;0.871826171875;0.8955492377281189;0.8381626605987549;0.8326966166496277;0.8763591647148132;0.8606147766113281;0.859490692615509;0.8096861243247986;0.8489993810653687;0.8475373387336731;0.8280313014984131;0.8775861263275146;0.8337178230285645;0.8552221655845642;0.8509976863861084;0.8367741107940674;0.858440101146698;0.8346729278564453;0.855802595615387;0.8416745066642761;0.8442238569259644;0.8446940779685974;0.8495063185691833;0.8505862951278687;0.8566327691078186;0.8583078384399414;0.8581682443618774;0.8582123517990112
2;recodex.hdf5;dense-64;0.8700849413871765;0.8663159608840942;0.8665878176689148;0.842534065246582;0.8743094205856323;0.8774905800819397;0.8811272978782654;0.8329316973686218;0.889039933681488;0.8683657646179199;0.8663159608840942;0.8340704441070557;0.8930880427360535;0.8548181056976318;0.8274288773536682;0.8538923859596252;0.8730310201644897;0.8192223906517029;0.8316827416419983;0.8232631683349609;0.8124118447303772;0.8050575852394104;0.819273829460144;0.830176591873169;0.8645453453063965;0.867946982383728;0.9281327128410339;0.8420565128326416;0.8063653707504272;0.891089677810669;0.8384786248207092;0.8777109980583191;0.8416524529457092;0.8722742795944214;0.872876763343811;0.8705037236213684;0.9172372817993164;0.9203523397445679;0.8860276937484741;0.8993328809738159;0.9141295552253723;0.8890545964241028;0.8879452347755432;0.9136960506439209;0.920940101146698;0.8505348563194275;0.8542450070381165;0.9136372804641724;0.8721126914024353;0.8658604621887207;0.9043141007423401;0.8609527349472046;0.8916333317756653;0.8215219974517822;0.8207946419715881;0.8681380152702332;0.8451349139213562;0.8263341784477234;0.8764179348945618;0.8554131984710693;0.846809983253479;0.876006543636322;0.8292509317398071;0.8466410040855408;0.8379349112510681;0.8068649172782898;0.8166657090187073;0.8063947558403015;0.8232852220535278;0.8296917080879211;0.8232043981552124;0.8409765362739563;0.8420859575271606;0.852672815322876;0.8414761424064636;0.8545095324516296;0.8675282001495361;0.8531944155693054;0.8622164130210876;0.8705037236213684;0.824997067451477;0.8568090796470642;0.8710400462150574;0.8626792430877686;0.8653902411460876;0.8766383528709412;0.875396728515625;0.8857043981552124;0.876939594745636;0.8876146078109741;0.8779754638671875;0.8903843760490417;0.8779020309448242;0.8754628300666809;0.8634947538375854;0.8557952046394348;0.8516221642494202;0.8535323739051819;0.8573013544082642;0.8600344061851501
3;recodex.hdf5;dense-64;0.858182966709137;0.850916862487793;0.831976592540741;0.8299194574356079;0.8738024830818176;0.8633478283882141;0.833453357219696;0.8331006765365601;0.7974682450294495;0.8607029318809509;0.8533193469047546;0.8621209263801575;0.8639429211616516;0.8724285960197449;0.8278549909591675;0.8528417944908142;0.8238362669944763;0.8998251557350159;0.8666024804115295;0.8897084593772888;0.9007875919342041;0.8406385779380798;0.8907076716423035;0.8037719130516052;0.8644571900367737;0.8617021441459656;0.8086722493171692;0.8730530738830566;0.8982896208763123;0.8399038910865784;0.7993049621582031;0.8529005646705627;0.8593804836273193;0.8288761973381042;0.8292729258537292;0.8367300629615784;0.821139931678772;0.8993549346923828;0.8296035528182983;0.846736490726471;0.8112216591835022;0.8482426404953003;0.8434010148048401;0.8258640170097351;0.8891721367835999;0.8306321501731873;0.8393748998641968;0.8445030450820923;0.8156812191009521;0.8600050210952759;0.8944472074508667;0.8311684727668762;0.8707314729690552;0.9110071063041687;0.85865318775177;0.8150273561477661;0.859843373298645;0.8543699383735657;0.8128746747970581;0.8416303992271423;0.877637505531311;0.8206183314323425;0.8180689215660095;0.8481103777885437;0.8133742809295654;0.8352459669113159;0.827002763748169;0.8226607441902161;0.805233895778656;0.8803485631942749;0.9051883816719055;0.8158795833587646;0.8028682470321655;0.8451936841011047;0.8054910898208618;0.8083783984184265;0.8417773842811584;0.8009727001190186;0.8545095324516296;0.8171212077140808;0.8852782845497131;0.8205007910728455;0.8310141563415527;0.8394116759300232;0.8316827416419983;0.8412410616874695;0.8707975745201111;0.8646115064620972;0.8733983635902405;0.874110996723175;0.8517764806747437;0.869930624961853;0.8683363795280457;0.8758228421211243;0.8921990990638733;0.8799223899841309;0.882236659526825;0.8795183300971985;0.8734791874885559;0.8705257177352905
4;recodex.hdf5;dense-64;0.8696220517158508;0.8208975195884705;0.846016526222229;0.8569633960723877;0.8211032152175903;0.8466116189956665;0.90372633934021;0.844429612159729;0.8461193442344666;0.8993990421295166;0.8686376214027405;0.8266721367835999;0.836553692817688;0.8481030464172363;0.8078935146331787;0.8476695418357849;0.875;0.8670506477355957;0.8574556112289429;0.7957711219787598;0.9110291600227356;0.8051310777664185;0.8768514394760132;0.8639135360717773;0.8826334476470947;0.9116830229759216;0.8304778337478638;0.8167024254798889;0.8358263969421387;0.866102933883667;0.8512548208236694;0.8268337845802307;0.8442385792732239;0.8566915392875671;0.8678221106529236;0.8282591104507446;0.8823689222335815;0.8686890006065369;0.8254819512367249;0.8490140438079834;0.8077465891838074;0.8737657070159912;0.8646849393844604;0.8538115620613098;0.8218452334403992;0.8220362663269043;0.8504540324211121;0.8627968430519104;0.8721346855163574;0.8329758048057556;0.8673592209815979;0.869533896446228;0.8665290474891663;0.8180983066558838;0.8042788505554199;0.839896559715271;0.8586825728416443;0.8249823451042175;0.8216028213500977;0.8096935153007507;0.8256288766860962;0.8343937397003174;0.8345333337783813;0.8144028186798096;0.8641412854194641;0.8251660466194153;0.8366712927818298;0.8588735461235046;0.8989949226379395;0.8960415124893188;0.8663821220397949;0.892610490322113;0.9016839265823364;0.8262607455253601;0.8379055261611938;0.82487952709198;0.8129261136054993;0.8903256058692932;0.8789673447608948;0.8336296677589417;0.8629952073097229;0.8747208118438721;0.8224329948425293;0.8934774398803711;0.884154200553894;0.8808701634407043;0.8292215466499329;0.8550752401351929;0.8559935688972473;0.8419022560119629;0.8398745059967041;0.8464866876602173;0.8406091928482056;0.8581388592720032;0.8435038924217224;0.8483381271362305;0.8550017476081848;0.8579919338226318;0.8569780588150024;0.8565592765808105
5;recodex.hdf5;dense-64;0.8598139882087708;0.8206329941749573;0.8821117877960205;0.8742285966873169;0.8643984198570251;0.9058128595352173;0.8313153982162476;0.8894586563110352;0.8188991546630859;0.8422475457191467;0.8632449507713318;0.8727371692657471;0.8569413423538208;0.8920080661773682;0.854333221912384;0.8726416230201721;0.8774097561836243;0.8922725319862366;0.8139326572418213;0.8133081793785095;0.9012137055397034;0.8269146084785461;0.8535029888153076;0.9136740565299988;0.8236599564552307;0.8758522272109985;0.8271423578262329;0.8512107729911804;0.8712457418441772;0.8563462495803833;0.8397936820983887;0.8883492946624756;0.8285456299781799;0.8427912592887878;0.8616286516189575;0.8378981947898865;0.8973859548568726;0.8325349688529968;0.8564491271972656;0.8582344055175781;0.8516589403152466;0.8872326016426086;0.8434818387031555;0.8303235769271851;0.8240640163421631;0.8107881546020508;0.902256965637207;0.8557732105255127;0.8597331643104553;0.8368108868598938;0.8693061470985413;0.8167391419410706;0.8167391419410706;0.8138591647148132;0.8256362676620483;0.8589176535606384;0.8476915955543518;0.8283031582832336;0.8320574164390564;0.8622972369194031;0.8662131428718567;0.8910382390022278;0.8397863507270813;0.8225284814834595;0.8429675698280334;0.8351210951805115;0.8469201922416687;0.8403153419494629;0.8431953191757202;0.8928749561309814;0.845009982585907;0.8706285953521729;0.8723918795585632;0.8186566829681396;0.8486246466636658;0.8382361531257629;0.8731632828712463;0.8590793013572693;0.8841395378112793;0.8697322607040405;0.871216356754303;0.825790524482727;0.8301472067832947;0.8639208674430847;0.8675575852394104;0.8524964451789856;0.8485218286514282;0.8635609149932861;0.8728840947151184;0.8748751282691956;0.8620768189430237;0.878129780292511;0.8792464733123779;0.8589617609977722;0.8597478270530701;0.8479487299919128;0.8537675142288208;0.8528344035148621;0.8538409471511841;0.8551486730575562
1;recodex.hdf5;dense-128;0.8771011829376221;0.8147113919258118;0.8731853365898132;0.8357235193252563;0.8725020289421082;0.8580874800682068;0.818480372428894;0.8224183320999146;0.8369284272193909;0.8282811045646667;0.8403593897819519;0.7937801480293274;0.8553176522254944;0.8383390307426453;0.8184289336204529;0.8357749581336975;0.8247913718223572;0.8077759742736816;0.8648613095283508;0.8064608573913574;0.8869754076004028;0.893403947353363;0.8611290454864502;0.8831550478935242;0.8602253794670105;0.8184950351715088;0.8814212083816528;0.8754702210426331;0.8671608567237854;0.840293288230896;0.8111775517463684;0.875933051109314;0.8622310757637024;0.8072910308837891;0.8286190629005432;0.8513356447219849;0.8329977989196777;0.8713412284851074;0.8139693737030029;0.8578082919120789;0.8674253821372986;0.8888635635375977;0.8583813309669495;0.8392206430435181;0.8360467553138733;0.8475446701049805;0.8336663842201233;0.8294419050216675;0.8868064284324646;0.8272011280059814;0.8608058094978333;0.8471773266792297;0.8511078953742981;0.8502410054206848;0.9161792993545532;0.8402345180511475;0.8889370560646057;0.825276255607605;0.8296476602554321;0.8674106597900391;0.8629510998725891;0.8842570781707764;0.8118167519569397;0.8558834195137024;0.8315137624740601;0.8301472067832947;0.8241007328033447;0.8285088539123535;0.832490861415863;0.8175032138824463;0.838170051574707;0.8168346881866455;0.8186493515968323;0.8200085163116455;0.861356794834137;0.8655739426612854;0.8358778357505798;0.8345186114311218;0.8420051336288452;0.8491242527961731;0.8345994353294373;0.853370726108551;0.8400508165359497;0.8303676247596741;0.8506009578704834;0.8491169214248657;0.8548474907875061;0.8592482805252075;0.856853187084198;0.8547960519790649;0.8572719693183899;0.8570148348808289;0.8553764820098877;0.8565225601196289;0.8551560640335083;0.852973997592926;0.8563241958618164;0.8574997186660767;0.8573380708694458;0.8576025366783142
2;recodex.hdf5;dense-128;0.8691444993019104;0.8652653694152832;0.8486467003822327;0.8365023136138916;0.8822072744369507;0.8664261698722839;0.869350254535675;0.8433349132537842;0.8609821200370789;0.8264150023460388;0.9077597856521606;0.8714147210121155;0.899523913860321;0.8793860673904419;0.8637078404426575;0.8853811621665955;0.926920473575592;0.8597111105918884;0.8552368879318237;0.8063066005706787;0.8383022546768188;0.8567356467247009;0.8536940217018127;0.8574262261390686;0.8739567399024963;0.9074365496635437;0.8637005090713501;0.8126028776168823;0.8789379596710205;0.8879819512367249;0.887893795967102;0.8167905807495117;0.8699967861175537;0.8515707850456238;0.8479487299919128;0.8957108855247498;0.8782106041908264;0.87738037109375;0.9047254920005798;0.8941606879234314;0.8419830799102783;0.881303608417511;0.8672343492507935;0.8702318668365479;0.83438640832901;0.8439006209373474;0.8625543713569641;0.8704963326454163;0.8813623785972595;0.9020512700080872;0.8302354216575623;0.896276593208313;0.873317539691925;0.8127056956291199;0.8542743921279907;0.8957549929618835;0.8066298365592957;0.8852195143699646;0.8321161866188049;0.8346655964851379;0.8697249293327332;0.836906373500824;0.862040102481842;0.856316864490509;0.8597478270530701;0.832189679145813;0.82567298412323;0.852393627166748;0.8441210389137268;0.8718187808990479;0.8610923290252686;0.8644131422042847;0.8631788492202759;0.8222787380218506;0.8393896222114563;0.8614229559898376;0.8281047940254211;0.8758742809295654;0.8534809350967407;0.863369882106781;0.8673077821731567;0.8584107160568237;0.8582784533500671;0.8646629452705383;0.8519748449325562;0.8609968423843384;0.8603943586349487;0.8713192343711853;0.8612025380134583;0.8733910322189331;0.8636711239814758;0.857293963432312;0.8621870279312134;0.8704449534416199;0.8697249293327332;0.8706727027893066;0.8681894540786743;0.8647878170013428;0.8613788485527039;0.8626866340637207
3;recodex.hdf5;dense-128;0.856456458568573;0.8683878183364868;0.8774024248123169;0.8473242521286011;0.8272966146469116;0.8276272416114807;0.8191489577293396;0.8293537497520447;0.872266948223114;0.8357529044151306;0.832983136177063;0.8331006765365601;0.8458254933357239;0.8174517750740051;0.8350696563720703;0.8418581485748291;0.8507038354873657;0.858535647392273;0.8930439352989197;0.8796652555465698;0.8202803730964661;0.7999662160873413;0.8236379027366638;0.9006259441375732;0.8796358704566956;0.841042697429657;0.912226676940918;0.8454508185386658;0.8605927228927612;0.8229693174362183;0.8572866320610046;0.8791730403900146;0.9072895646095276;0.8352753520011902;0.8418067693710327;0.8314256072044373;0.8041245341300964;0.8362745642662048;0.8348712921142578;0.8707681894302368;0.8812668919563293;0.8706359267234802;0.8388165831565857;0.8706653118133545;0.8122943043708801;0.8770791888237;0.8461120128631592;0.8353561758995056;0.8835811614990234;0.8367815017700195;0.8740596175193787;0.8717012405395508;0.8296108841896057;0.8530474901199341;0.8208019733428955;0.8181276917457581;0.7974461913108826;0.8101857304573059;0.8462148904800415;0.8096714615821838;0.8324688673019409;0.8351504802703857;0.803206205368042;0.8075776100158691;0.8754187822341919;0.8725902438163757;0.8110746741294861;0.8589397072792053;0.8155489563941956;0.8391324877738953;0.8176942467689514;0.8511372804641724;0.8148142695426941;0.8303529620170593;0.8149244785308838;0.8857558369636536;0.8318296670913696;0.8726783990859985;0.803742527961731;0.8309921026229858;0.8194207549095154;0.8157840371131897;0.841160237789154;0.8198542594909668;0.8448116183280945;0.8354516625404358;0.828126847743988;0.8430336713790894;0.8431365489959717;0.8526360392570496;0.8469128608703613;0.852180540561676;0.844826340675354;0.843562662601471;0.8425708413124084;0.8442679643630981;0.8445177674293518;0.8464793562889099;0.847743034362793;0.8488304018974304
4;recodex.hdf5;dense-128;0.8660882115364075;0.8427398204803467;0.8205081224441528;0.8271864056587219;0.8658384084701538;0.8391398191452026;0.8605413436889648;0.8764840960502625;0.820603609085083;0.8088780045509338;0.8568017482757568;0.8920301198959351;0.8740890026092529;0.8440108299255371;0.8367741107940674;0.8323145508766174;0.846200168132782;0.7930380702018738;0.8656988143920898;0.8390002250671387;0.8128820657730103;0.8763003945350647;0.84122633934021;0.8327627182006836;0.8589837551116943;0.8632890582084656;0.8605707287788391;0.8626278638839722;0.8371782302856445;0.83994060754776;0.8311610817909241;0.820816695690155;0.8399920463562012;0.8375381827354431;0.8570074439048767;0.8156003952026367;0.8612392544746399;0.8582196831703186;0.8503585457801819;0.8547666668891907;0.853466272354126;0.8817223906517029;0.850872814655304;0.877196729183197;0.8917876482009888;0.8344231247901917;0.8094216585159302;0.82359379529953;0.8250558376312256;0.9102283120155334;0.8755436539649963;0.8768146634101868;0.8688947558403015;0.8484262824058533;0.8721935153007507;0.8241962790489197;0.8991492390632629;0.7979825735092163;0.8750808238983154;0.8365978002548218;0.8712090253829956;0.8445250988006592;0.8627894520759583;0.8437683582305908;0.8181424140930176;0.7952715158462524;0.8751837015151978;0.8429896235466003;0.8377659320831299;0.8751689791679382;0.8826995491981506;0.854443371295929;0.7993049621582031;0.8543258309364319;0.8150787353515625;0.8637739419937134;0.8142118453979492;0.8319692611694336;0.8164526224136353;0.8208240270614624;0.8297210931777954;0.8539511561393738;0.8433275818824768;0.8446940779685974;0.8239684700965881;0.8321823477745056;0.8457520008087158;0.8932203054428101;0.8409250974655151;0.8730016350746155;0.8870856165885925;0.8828979134559631;0.8590278625488281;0.8656327128410339;0.860849916934967;0.8534221649169922;0.8507993221282959;0.8537454605102539;0.8526066541671753;0.8546050190925598
5;recodex.hdf5;dense-128;0.8151742815971375;0.8948586583137512;0.863553524017334;0.8453258872032166;0.8261799216270447;0.8134257197380066;0.8453406095504761;0.8558760285377502;0.8244386911392212;0.887100338935852;0.8699086308479309;0.8340043425559998;0.8769248723983765;0.8659486174583435;0.8582637906074524;0.8512842655181885;0.8118828535079956;0.8760432600975037;0.8731412291526794;0.8683143258094788;0.8238877058029175;0.8537013530731201;0.9015810489654541;0.8799223899841309;0.9208592772483826;0.8524450659751892;0.8737657070159912;0.8628702759742737;0.8253864645957947;0.8717232942581177;0.8459063172340393;0.8668155670166016;0.8941827416419983;0.8827950358390808;0.8612025380134583;0.8878496885299683;0.8787322044372559;0.8847566843032837;0.8863362669944763;0.80061274766922;0.8481324315071106;0.830176591873169;0.8375529050827026;0.8090763688087463;0.8164305686950684;0.8535397052764893;0.8714955449104309;0.9116830229759216;0.8201481103897095;0.8304044008255005;0.8160852789878845;0.8345553874969482;0.8498148322105408;0.8861819505691528;0.823689341545105;0.8280754089355469;0.8456932306289673;0.8441944718360901;0.8744416236877441;0.7999147772789001;0.8346949815750122;0.8765869140625;0.8145644664764404;0.8823762536048889;0.8122649192810059;0.8197513818740845;0.8018763661384583;0.8366419076919556;0.8491242527961731;0.8220289349555969;0.8012151718139648;0.8226974606513977;0.839756965637207;0.8192150592803955;0.8529887199401855;0.8135138750076294;0.8493593335151672;0.8094437122344971;0.821536660194397;0.8947557806968689;0.8502923846244812;0.823806881904602;0.8378467559814453;0.8693134784698486;0.828920304775238;0.8296256065368652;0.8530768752098083;0.8337324857711792;0.8469275236129761;0.8613054156303406;0.8352900743484497;0.8504687547683716;0.8560523390769958;0.8442459106445312;0.848749577999115;0.8504540324211121;0.8514972925186157;0.8518425822257996;0.8508507609367371;0.8522907495498657
1;recodex.hdf5;dense-256;0.8417699933052063;0.86895352602005;0.9205213189125061;0.9005084037780762;0.9015369415283203;0.8610923290252686;0.8441357016563416;0.8912146091461182;0.8171212077140808;0.8316606879234314;0.8365757465362549;0.872362494468689;0.8963868021965027;0.8091718554496765;0.8698278069496155;0.8955639600753784;0.8329684138298035;0.8643102645874023;0.8222640156745911;0.8805983066558838;0.865750253200531;0.8921476602554321;0.8476475477218628;0.8479046821594238;0.8363039493560791;0.8461046814918518;0.845943033695221;0.8961884379386902;0.870070219039917;0.8268043994903564;0.8296623229980469;0.8581535816192627;0.8246958255767822;0.8579111099243164;0.809722900390625;0.8488965034484863;0.8262166380882263;0.8168420195579529;0.8889003396034241;0.8155342936515808;0.8392133116722107;0.8428720235824585;0.8372002243995667;0.8318002820014954;0.8630980253219604;0.8108983635902405;0.8151155114173889;0.8622972369194031;0.858256459236145;0.821793794631958;0.8464353084564209;0.8606809377670288;0.8752938508987427;0.8676971793174744;0.8704008460044861;0.8301986455917358;0.859630286693573;0.8553911447525024;0.8449438810348511;0.8312860131263733;0.8381553292274475;0.8729795813560486;0.8819281458854675;0.8643543720245361;0.8433863520622253;0.8508434295654297;0.8806865215301514;0.8667053580284119;0.8404989838600159;0.8837428092956543;0.866242527961731;0.8869607448577881;0.8480148911476135;0.8510785102844238;0.8879525661468506;0.8803926110267639;0.8760432600975037;0.8937345743179321;0.8576686978340149;0.8738244771957397;0.8899803161621094;0.8539878726005554;0.8674253821372986;0.8785338401794434;0.8831550478935242;0.8679102659225464;0.8666024804115295;0.8765722513198853;0.8682041168212891;0.8574188947677612;0.8699086308479309;0.8647290468215942;0.8576907515525818;0.8504025936126709;0.8500352501869202;0.8446793556213379;0.8421887755393982;0.8490875363349915;0.8530033826828003;0.8553984761238098
2;recodex.hdf5;dense-256;0.8338941335678101;0.8519895672798157;0.8256288766860962;0.8431291580200195;0.8398157358169556;0.8982970118522644;0.8267529606819153;0.8772775530815125;0.8734056949615479;0.8911558389663696;0.8879231810569763;0.8495503664016724;0.8290819525718689;0.8511446714401245;0.816893458366394;0.8617461919784546;0.8731118440628052;0.8488083481788635;0.8382288217544556;0.8151522278785706;0.8615037798881531;0.8345553874969482;0.8628702759742737;0.8783795833587646;0.8468026518821716;0.804793119430542;0.8978047370910645;0.8419977426528931;0.8713412284851074;0.8815093636512756;0.8480075001716614;0.8184362649917603;0.8435332775115967;0.8937198519706726;0.8609968423843384;0.8222934007644653;0.851343035697937;0.8585429787635803;0.8118755221366882;0.8941460251808167;0.824997067451477;0.8653241395950317;0.8922652006149292;0.8528344035148621;0.859769880771637;0.8693649172782898;0.9061728715896606;0.8350990414619446;0.8427765369415283;0.8745665550231934;0.8739640712738037;0.8134257197380066;0.8271423578262329;0.8595715165138245;0.8237774968147278;0.8484630584716797;0.8252468705177307;0.8458254933357239;0.8495136499404907;0.8193693161010742;0.813506543636322;0.830250084400177;0.8258199095726013;0.8373545408248901;0.8631715178489685;0.8378320932388306;0.8505642414093018;0.836693286895752;0.856316864490509;0.8508287072181702;0.8532825708389282;0.8429602384567261;0.8219481110572815;0.8691886067390442;0.8352826833724976;0.8303309082984924;0.8814212083816528;0.8406312465667725;0.8492711782455444;0.8308378458023071;0.846016526222229;0.8801648616790771;0.8728253245353699;0.8606662154197693;0.8840954303741455;0.8557952046394348;0.8780122399330139;0.8668155670166016;0.8747208118438721;0.8828905820846558;0.8776963353157043;0.8740448951721191;0.8801207542419434;0.8742726445198059;0.8758669495582581;0.8654049634933472;0.8591380715370178;0.8566181063652039;0.8533781170845032;0.8538923859596252
3;recodex.hdf5;dense-256;0.832586407661438;0.8516221642494202;0.9031606316566467;0.8790481090545654;0.8792832493782043;0.8787689805030823;0.889083981513977;0.8861599564552307;0.8993108868598938;0.872266948223114;0.8228444457054138;0.8857631683349609;0.8449805974960327;0.8956594467163086;0.8875117301940918;0.871826171875;0.8574703335762024;0.825459897518158;0.8817664980888367;0.863627016544342;0.863369882106781;0.8383390307426453;0.848492443561554;0.810655951499939;0.8093555569648743;0.8252321481704712;0.8088338971138;0.84389328956604;0.8580066561698914;0.8350990414619446;0.893940269947052;0.8363186120986938;0.8828758597373962;0.9102136492729187;0.8512401580810547;0.8171358704566956;0.9027418494224548;0.8044992089271545;0.8651037216186523;0.8239244222640991;0.8337986469268799;0.8458842635154724;0.8697175979614258;0.8794228434562683;0.8241154551506042;0.8707608580589294;0.8381332755088806;0.8314035534858704;0.8477503657341003;0.850380539894104;0.8254084587097168;0.8114053010940552;0.8653902411460876;0.8786146640777588;0.8820236325263977;0.8374426960945129;0.8309774398803711;0.8733322620391846;0.8709518909454346;0.8817371129989624;0.8189873099327087;0.8936978578567505;0.8220950365066528;0.8276860117912292;0.8503732085227966;0.8324247598648071;0.8505495190620422;0.8368108868598938;0.8556703329086304;0.8611217141151428;0.8944913148880005;0.8308451771736145;0.842416524887085;0.8882464170455933;0.8413365483283997;0.8581609129905701;0.8548768758773804;0.857323408126831;0.8788497447967529;0.8802015781402588;0.8821632266044617;0.8763371109962463;0.8915231823921204;0.8679323196411133;0.8548548221588135;0.844290018081665;0.8524303436279297;0.853510320186615;0.863810658454895;0.8559935688972473;0.8564197421073914;0.856500506401062;0.8489626049995422;0.8504025936126709;0.8536719679832458;0.8556923866271973;0.8664628863334656;0.8655445575714111;0.8644058108329773;0.8637372255325317
4;recodex.hdf5;dense-256;0.8539878726005554;0.8969892263412476;0.8689314723014832;0.8916774392127991;0.8489773273468018;0.8511520028114319;0.8656253814697266;0.8573086857795715;0.8229326009750366;0.8849256634712219;0.8560376763343811;0.8427250981330872;0.8284868597984314;0.8345994353294373;0.8383463621139526;0.8766897916793823;0.8247619867324829;0.8385006189346313;0.847529947757721;0.8777844905853271;0.8767191767692566;0.8290672302246094;0.8268485069274902;0.8552075028419495;0.8596229553222656;0.8437977433204651;0.8723918795585632;0.8381259441375732;0.8548842072486877;0.8618564009666443;0.8389194011688232;0.8645527362823486;0.8487789630889893;0.8488450646400452;0.8440916538238525;0.8980618715286255;0.8373692035675049;0.8880407214164734;0.8905166387557983;0.852276086807251;0.875749409198761;0.864023745059967;0.8548842072486877;0.8669845461845398;0.8573968410491943;0.8485291600227356;0.8433642983436584;0.890626847743988;0.8603429794311523;0.8917803168296814;0.8738906383514404;0.8879746198654175;0.8743094205856323;0.8625470399856567;0.8851386904716492;0.8895688652992249;0.851879358291626;0.8887680768966675;0.8641045689582825;0.8341439366340637;0.8647290468215942;0.8675796389579773;0.8556409478187561;0.8084444999694824;0.8291186690330505;0.834526002407074;0.8551119565963745;0.8696588277816772;0.8167685270309448;0.8320427536964417;0.8271056413650513;0.8517250418663025;0.8254892826080322;0.8433642983436584;0.8796946406364441;0.8573086857795715;0.8911337852478027;0.8800913691520691;0.883316695690155;0.875749409198761;0.8794375061988831;0.8878864645957947;0.9042332768440247;0.8971508741378784;0.8994137048721313;0.9082520008087158;0.902653694152832;0.9024847149848938;0.8991859555244446;0.8959900736808777;0.8864611387252808;0.8852342367172241;0.8784677386283875;0.8829493522644043;0.8775053024291992;0.8715175986289978;0.8630465865135193;0.8542817831039429;0.8526066541671753;0.851269543170929
5;recodex.hdf5;dense-256;0.8325570225715637;0.8799371123313904;0.8374868035316467;0.8485512137413025;0.8475005626678467;0.8765354752540588;0.841556966304779;0.8340484499931335;0.8629069924354553;0.8524156808853149;0.8263929486274719;0.8353047370910645;0.8229105472564697;0.8261945843696594;0.8199424147605896;0.8301839828491211;0.8680204749107361;0.8216835856437683;0.8590351939201355;0.8193913698196411;0.8765575289726257;0.8592188954353333;0.7955800890922546;0.8106191754341125;0.8357088565826416;0.8875852227210999;0.9069883823394775;0.8100314736366272;0.8687257766723633;0.8862701058387756;0.8483895659446716;0.8434451222419739;0.8829419612884521;0.8062698245048523;0.8349815011024475;0.8270468711853027;0.8293684720993042;0.8533487319946289;0.8912146091461182;0.8353855609893799;0.8441357016563416;0.8563535809516907;0.8214632272720337;0.8209636211395264;0.8020821213722229;0.820206880569458;0.8863950371742249;0.9148495197296143;0.8405798077583313;0.8234835863113403;0.8654049634933472;0.8022217154502869;0.8906047940254211;0.8788644671440125;0.8337031006813049;0.8303602933883667;0.8445103764533997;0.8196558952331543;0.8496532440185547;0.8156003952026367;0.8923974633216858;0.884110152721405;0.8193252682685852;0.8588735461235046;0.8355472087860107;0.8247178792953491;0.8476548790931702;0.8675575852394104;0.8954758048057556;0.8192664980888367;0.8415055274963379;0.8282076716423035;0.8434524536132812;0.8523862957954407;0.8782473206520081;0.8246591091156006;0.8352606892585754;0.8252468705177307;0.8743975758552551;0.854046642780304;0.8674620985984802;0.8445985913276672;0.8438858985900879;0.8511666655540466;0.8626278638839722;0.825717031955719;0.8188844323158264;0.8401095867156982;0.8399112224578857;0.8757200241088867;0.841579020023346;0.8798048496246338;0.8460311889648438;0.865750253200531;0.85152667760849;0.8475520014762878;0.8649788498878479;0.8576833605766296;0.8596009016036987;0.8587266206741333
1;recodex.hdf5;dense-custom-64;0.8288688659667969;0.8217424154281616;0.8360467553138733;0.823946475982666;0.873457133769989;0.821610152721405;0.855707049369812;0.8810318112373352;0.8124118447303772;0.8682041168212891;0.8455683588981628;0.8226754665374756;0.8563902974128723;0.8500940203666687;0.8165040612220764;0.8663821220397949;0.8795477151870728;0.8048665523529053;0.824622392654419;0.8521071076393127;0.880906879901886;0.815019965171814;0.8569854497909546;0.8590793013572693;0.8549283146858215;0.8776301741600037;0.8466336727142334;0.8652727007865906;0.8451569080352783;0.8272525668144226;0.8429087996482849;0.8051457405090332;0.8552515506744385;0.8342027068138123;0.8340410590171814;0.8500205874443054;0.8420418500900269;0.8015164136886597;0.8455610275268555;0.8305733799934387;0.860519289970398;0.8500499725341797;0.8678514957427979;0.8629658222198486;0.8999133110046387;0.8567282557487488;0.8250558376312256;0.8499250411987305;0.8535764813423157;0.8963647484779358;0.8096787929534912;0.8827729821205139;0.862899661064148;0.8174150586128235;0.8197293281555176;0.8678661584854126;0.844076931476593;0.8637739419937134;0.8704816699028015;0.8340631127357483;0.8802309632301331;0.8565519452095032;0.8581462502479553;0.8897746205329895;0.8896864056587219;0.8695853352546692;0.8725975751876831;0.847206711769104;0.8804367184638977;0.8923974633216858;0.8287292718887329;0.8582196831703186;0.8465675115585327;0.860166609287262;0.8397496342658997;0.8711575865745544;0.8485144376754761;0.8638694882392883;0.8487128019332886;0.8719877600669861;0.860284149646759;0.8369284272193909;0.8436728715896606;0.8689608573913574;0.8543111681938171;0.8523495197296143;0.8512622117996216;0.847463846206665;0.8363112807273865;0.8345479965209961;0.8483895659446716;0.8502042293548584;0.8666465878486633;0.8398818373680115;0.8477650880813599;0.8404622673988342;0.8383757472038269;0.8426589965820312;0.8498075008392334;0.8540319800376892
2;recodex.hdf5;dense-custom-64;0.8170550465583801;0.8555307388305664;0.8405210375785828;0.8343716859817505;0.8524303436279297;0.8360688090324402;0.8404108285903931;0.850123405456543;0.8693943023681641;0.8645821213722229;0.8337692618370056;0.860776424407959;0.8637298941612244;0.8463618159294128;0.8476328253746033;0.8326010704040527;0.8333578109741211;0.8737436532974243;0.8558099269866943;0.8409544825553894;0.8478679060935974;0.8586605191230774;0.849285900592804;0.8378394246101379;0.8289276361465454;0.8430630564689636;0.9006479978561401;0.869093120098114;0.9026904106140137;0.8599461913108826;0.8432761430740356;0.8940578103065491;0.8847934007644653;0.8291260004043579;0.8541936278343201;0.9065842628479004;0.8725388050079346;0.8272084593772888;0.8749412298202515;0.8190901875495911;0.8468614220619202;0.8265178799629211;0.8600637912750244;0.8778946995735168;0.9040863513946533;0.8866007328033447;0.8744489550590515;0.8600050210952759;0.7972772717475891;0.8621282577514648;0.8317121267318726;0.8853738307952881;0.8069530725479126;0.8841909766197205;0.8732293844223022;0.9084871411323547;0.9025655388832092;0.8977900743484497;0.8756832480430603;0.9124250411987305;0.8973639607429504;0.8825526237487793;0.9023230671882629;0.879136323928833;0.8833534121513367;0.8734498023986816;0.8714882135391235;0.8547666668891907;0.8542523980140686;0.8188109993934631;0.8871297240257263;0.8866227865219116;0.8783354759216309;0.8109865188598633;0.890112578868866;0.8980104327201843;0.8681012988090515;0.9028226733207703;0.8427765369415283;0.8868725895881653;0.8767852783203125;0.8650596737861633;0.8451862931251526;0.8849844336509705;0.857786238193512;0.892610490322113;0.8859174847602844;0.8566915392875671;0.8375235199928284;0.8313668370246887;0.8352606892585754;0.8590278625488281;0.8415496349334717;0.8469201922416687;0.8332623243331909;0.8226534128189087;0.8215440511703491;0.8208681344985962;0.8303161859512329;0.8420345187187195
3;recodex.hdf5;dense-custom-64;0.8815387487411499;0.8615404963493347;0.8348565697669983;0.8269733786582947;0.8558319807052612;0.8289129734039307;0.8142632246017456;0.8312419056892395;0.8697763681411743;0.831932544708252;0.8223227858543396;0.850079357624054;0.8571764230728149;0.834783136844635;0.8111408352851868;0.8241668343544006;0.8731485605239868;0.816680371761322;0.8546711802482605;0.8563902974128723;0.8726857304573059;0.8449365496635437;0.806196391582489;0.8579625487327576;0.8726710081100464;0.8371561765670776;0.8378761410713196;0.8309480547904968;0.8497707843780518;0.8486687541007996;0.8437610268592834;0.8809950351715088;0.8040951490402222;0.8507038354873657;0.8381479978561401;0.8122281432151794;0.8074526786804199;0.795220136642456;0.8160117864608765;0.7921931743621826;0.7930601239204407;0.8218819499015808;0.8094510436058044;0.7595803737640381;0.7910911440849304;0.8077245354652405;0.8354516625404358;0.808363676071167;0.80061274766922;0.8086355328559875;0.8014282584190369;0.8220362663269043;0.7969613075256348;0.8226754665374756;0.8254525661468506;0.8948659896850586;0.8066812753677368;0.8276272416114807;0.8618784546852112;0.8131392002105713;0.8375822901725769;0.8644645810127258;0.8325937390327454;0.8410206437110901;0.8582417368888855;0.8447675704956055;0.8751910328865051;0.7995768189430237;0.8531209826469421;0.8847052454948425;0.8711796402931213;0.8487054705619812;0.828802764415741;0.8259815573692322;0.8811052441596985;0.8872472643852234;0.8696882128715515;0.879716694355011;0.8629290461540222;0.846339762210846;0.8632449507713318;0.8543184995651245;0.8795403838157654;0.8927794694900513;0.8779534697532654;0.8817223906517029;0.8804293274879456;0.8855648040771484;0.8827950358390808;0.8987745642662048;0.8982970118522644;0.895527184009552;0.8997884392738342;0.8961296677589417;0.8900758028030396;0.8799150586128235;0.8722522854804993;0.8682114481925964;0.8622678518295288;0.8594319224357605
4;recodex.hdf5;dense-custom-64;0.8708049058914185;0.8660808801651001;0.8340924978256226;0.862223744392395;0.8392941355705261;0.8352092504501343;0.8237554430961609;0.8106926679611206;0.8605486750602722;0.8510417938232422;0.8304705023765564;0.8650302886962891;0.8804219961166382;0.8933451771736145;0.8873280882835388;0.8669551610946655;0.8502777218818665;0.8824350237846375;0.8573601245880127;0.8888782858848572;0.8743607997894287;0.8787028193473816;0.8834636211395264;0.8346508741378784;0.8299635648727417;0.9055777788162231;0.898076593875885;0.8881582617759705;0.8838236331939697;0.9080683588981628;0.895666778087616;0.8631861805915833;0.8527389168739319;0.881913423538208;0.8886651992797852;0.8927794694900513;0.8908913135528564;0.8730897903442383;0.8580066561698914;0.856596052646637;0.886446475982666;0.9008169770240784;0.9009859561920166;0.8619005084037781;0.819736659526825;0.8420051336288452;0.897209644317627;0.8920227289199829;0.900714099407196;0.8720906376838684;0.8574556112289429;0.8403080105781555;0.8508580923080444;0.8489919900894165;0.8138371109962463;0.8573086857795715;0.844752848148346;0.8646188378334045;0.8493446707725525;0.7987833619117737;0.8985541462898254;0.7944340109825134;0.8372737169265747;0.866756796836853;0.8566181063652039;0.8451716303825378;0.8406679630279541;0.8447822332382202;0.8805983066558838;0.8403447270393372;0.8395144939422607;0.8507552742958069;0.8550605177879333;0.817686915397644;0.8658237457275391;0.891699492931366;0.8343423008918762;0.801450252532959;0.8580654263496399;0.8547960519790649;0.8685861825942993;0.8599535822868347;0.8491977453231812;0.8470818400382996;0.8488523960113525;0.8521879315376282;0.8198836445808411;0.8632009029388428;0.8686008453369141;0.8496752381324768;0.8795844316482544;0.8690343499183655;0.8802383542060852;0.8428206443786621;0.8428646922111511;0.8263121843338013;0.8288688659667969;0.8368402719497681;0.8440696001052856;0.8514237999916077
5;recodex.hdf5;dense-custom-64;0.8441430330276489;0.846156120300293;0.8537380695343018;0.8555821776390076;0.8731853365898132;0.830999493598938;0.8459063172340393;0.8023465871810913;0.825790524482727;0.8560376763343811;0.8630098700523376;0.841439425945282;0.8066444993019104;0.8293684720993042;0.8170697689056396;0.8100314736366272;0.863950252532959;0.8391251564025879;0.8374794125556946;0.8556923866271973;0.8751837015151978;0.8212721943855286;0.8032943606376648;0.8265545964241028;0.8769542574882507;0.8322924971580505;0.8247472643852234;0.8175987601280212;0.8303676247596741;0.8145865201950073;0.8212721943855286;0.8617021441459656;0.8190387487411499;0.870327353477478;0.8424018621444702;0.7927368879318237;0.8126102089881897;0.8062183856964111;0.8318811058998108;0.877123236656189;0.8034559488296509;0.8311097025871277;0.8453552722930908;0.8315725326538086;0.8434303998947144;0.8337913155555725;0.819810152053833;0.8693796396255493;0.8577421307563782;0.8344231247901917;0.8154314160346985;0.8809950351715088;0.8629437685012817;0.8679323196411133;0.8249015808105469;0.8366492390632629;0.8638841509819031;0.8227930068969727;0.8591601252555847;0.878129780292511;0.8385153412818909;0.8727371692657471;0.8517617583274841;0.8182746767997742;0.8400288224220276;0.8008625507354736;0.7941107153892517;0.8478311896324158;0.8338059782981873;0.8282517194747925;0.8575731515884399;0.8803779482841492;0.8481544852256775;0.8179367184638977;0.805770218372345;0.820023238658905;0.8223227858543396;0.8303309082984924;0.8324394822120667;0.8307496905326843;0.8139620423316956;0.8117359280586243;0.8095171451568604;0.8087751269340515;0.8145498037338257;0.8003629446029663;0.8229619860649109;0.8267970681190491;0.8384271860122681;0.8127791881561279;0.8134183883666992;0.8172387480735779;0.8193987011909485;0.8235056400299072;0.843937337398529;0.8482352495193481;0.8463544845581055;0.8452891707420349;0.8364214897155762;0.8358924984931946
1;recodex.hdf5;dense-custom-128;0.8697028756141663;0.8470818400382996;0.8623045682907104;0.8552442193031311;0.8342320919036865;0.8273480534553528;0.8219407796859741;0.8226901292800903;0.9059597849845886;0.8651551604270935;0.8762049078941345;0.8573747873306274;0.8199938535690308;0.8818987011909485;0.8338941335678101;0.858535647392273;0.8207799196243286;0.9013679623603821;0.8348859548568726;0.8333063721656799;0.8536131978034973;0.8264958262443542;0.9123075008392334;0.8736554980278015;0.8920153975486755;0.8615184426307678;0.8185979127883911;0.8095612525939941;0.8866742253303528;0.8242844343185425;0.8921329379081726;0.9067532420158386;0.9041818380355835;0.8275464177131653;0.8844774961471558;0.8325349688529968;0.9044022560119629;0.8513283133506775;0.8417773842811584;0.8510050773620605;0.8585503101348877;0.8302794694900513;0.8139399886131287;0.9158487319946289;0.8874603509902954;0.9166495203971863;0.832770049571991;0.9002292156219482;0.8749852776527405;0.8391251564025879;0.9027565717697144;0.863230288028717;0.8727738857269287;0.9111760854721069;0.9070324301719666;0.8869166374206543;0.863296389579773;0.8301398754119873;0.8503732085227966;0.9055483937263489;0.8577054142951965;0.8728399872779846;0.8790040612220764;0.8800913691520691;0.8606882691383362;0.9010226726531982;0.8793714046478271;0.870070219039917;0.8660882115364075;0.8737583756446838;0.8682482242584229;0.8808407783508301;0.8765648603439331;0.8468981385231018;0.8383757472038269;0.8657575845718384;0.8434524536132812;0.8739714622497559;0.871289849281311;0.8783354759216309;0.8592188954353333;0.8617021441459656;0.8775053024291992;0.8808481097221375;0.8819869160652161;0.8626939654350281;0.8771452903747559;0.8733395934104919;0.8741036653518677;0.8642808794975281;0.8699232935905457;0.8570662140846252;0.8566474914550781;0.8555013537406921;0.865889847278595;0.8541128039360046;0.8491830229759216;0.8494915962219238;0.852393627166748;0.8517323732376099
2;recodex.hdf5;dense-custom-128;0.8267676830291748;0.8676384091377258;0.853370726108551;0.8366345167160034;0.8542817831039429;0.8530474901199341;0.8434451222419739;0.8277521729469299;0.8162322044372559;0.8934260010719299;0.8442385792732239;0.873670220375061;0.8361863493919373;0.8196852803230286;0.8554425835609436;0.8880627751350403;0.844730794429779;0.8226534128189087;0.8446426391601562;0.8788497447967529;0.8748457431793213;0.8974888324737549;0.8524523973464966;0.8306688666343689;0.8612172603607178;0.8735893964767456;0.8410940766334534;0.8933084607124329;0.8617241978645325;0.8913100957870483;0.8272378444671631;0.9005377888679504;0.874603271484375;0.8499985337257385;0.8803044557571411;0.8357014656066895;0.8590278625488281;0.8555527925491333;0.8360835313796997;0.8846317529678345;0.8390883803367615;0.8645086288452148;0.8501307964324951;0.8549429774284363;0.8963426947593689;0.8990684151649475;0.8648759722709656;0.8581462502479553;0.8662939071655273;0.8622972369194031;0.881656289100647;0.832233726978302;0.8979076147079468;0.8763151168823242;0.8280166387557983;0.8502923846244812;0.8931394815444946;0.844569206237793;0.8498368859291077;0.8547446131706238;0.84201979637146;0.8196999430656433;0.8397863507270813;0.8406018614768982;0.8606147766113281;0.8164599537849426;0.84043288230896;0.8766456842422485;0.8391912579536438;0.8286117315292358;0.8774685263633728;0.9048210382461548;0.8847346305847168;0.8186346292495728;0.8004437685012817;0.8704743385314941;0.8088118433952332;0.8304117321968079;0.8295521140098572;0.9008243083953857;0.8698057532310486;0.8421300053596497;0.8832946419715881;0.8930733799934387;0.8805028200149536;0.8838089108467102;0.8731045126914978;0.873993456363678;0.8710840940475464;0.8744049072265625;0.8821044564247131;0.8927574157714844;0.8900097012519836;0.8897011280059814;0.8843599557876587;0.8750147223472595;0.868086576461792;0.8662498593330383;0.867293119430542;0.8683804273605347
3;recodex.hdf5;dense-custom-128;0.8409912586212158;0.8578156232833862;0.8517029881477356;0.8242623805999756;0.8616359829902649;0.8440696001052856;0.8188844323158264;0.8323366045951843;0.8467658758163452;0.8565298914909363;0.8032723069190979;0.8357749581336975;0.8045727014541626;0.8566107153892517;0.8518499732017517;0.8487275242805481;0.9001631140708923;0.8688433170318604;0.8256435990333557;0.8030078411102295;0.8369357585906982;0.8264370560646057;0.8294492959976196;0.8438124656677246;0.8125881552696228;0.8197880983352661;0.8220435976982117;0.8163571357727051;0.8248133659362793;0.7918699383735657;0.8240566849708557;0.8372957706451416;0.8100094199180603;0.8613935708999634;0.8094363212585449;0.8619739413261414;0.8448189496994019;0.8298092484474182;0.8125220537185669;0.794793963432312;0.8383757472038269;0.8051016926765442;0.8134991526603699;0.8584254384040833;0.8131171464920044;0.8296329379081726;0.8097596168518066;0.7959180474281311;0.7991139888763428;0.8043670058250427;0.8085840940475464;0.800517201423645;0.8228591084480286;0.8015825152397156;0.8027947545051575;0.7978576421737671;0.8361716866493225;0.8049914836883545;0.8071588277816772;0.8110306262969971;0.8190240263938904;0.8169889450073242;0.7960062026977539;0.8032208681106567;0.8120738863945007;0.8003629446029663;0.799863338470459;0.8097155094146729;0.8027433156967163;0.8210591077804565;0.8023098707199097;0.8103326559066772;0.8173489570617676;0.7993343472480774;0.8300737738609314;0.8046681880950928;0.8186714053153992;0.8080771565437317;0.8199570775032043;0.821749746799469;0.8078420758247375;0.8393822908401489;0.8115890026092529;0.829596221446991;0.8115816116333008;0.8418581485748291;0.8768367171287537;0.8482205867767334;0.8605486750602722;0.8849477171897888;0.8744342923164368;0.8719143271446228;0.869533896446228;0.8658090233802795;0.8654196262359619;0.8634213209152222;0.8603870272636414;0.8584180474281311;0.8586238026618958;0.8557584881782532
4;recodex.hdf5;dense-custom-128;0.8397936820983887;0.8242476582527161;0.8139620423316956;0.833122730255127;0.8083710670471191;0.8182379007339478;0.8175399899482727;0.8378835320472717;0.8099726438522339;0.8025816679000854;0.8008478283882141;0.8577054142951965;0.8504025936126709;0.8308378458023071;0.8665951490402222;0.8645159602165222;0.851783812046051;0.7998339533805847;0.865706205368042;0.8516736030578613;0.8835517764091492;0.8609821200370789;0.8146379590034485;0.8266427516937256;0.8349300622940063;0.9027712345123291;0.860166609287262;0.8769910335540771;0.8422181606292725;0.8343570232391357;0.8462809920310974;0.8577568531036377;0.8209342360496521;0.8297431468963623;0.8289717435836792;0.8270248174667358;0.8284133672714233;0.8924562335014343;0.8273921608924866;0.8993916511535645;0.8005759716033936;0.8493740558624268;0.889833390712738;0.894689679145813;0.8692473769187927;0.8989288210868835;0.8147628307342529;0.8393455147743225;0.9121385216712952;0.9108160734176636;0.8997810482978821;0.8268778920173645;0.8209709525108337;0.8547519445419312;0.8717012405395508;0.8679617047309875;0.8751983642578125;0.8220215439796448;0.8370680212974548;0.8911778330802917;0.8135726451873779;0.9005304574966431;0.8484042286872864;0.841975748538971;0.9045785665512085;0.8775861263275146;0.8771526217460632;0.8603576421737671;0.8500866889953613;0.8767558932304382;0.9011328816413879;0.8491315841674805;0.873273491859436;0.842769205570221;0.8870562314987183;0.8932055830955505;0.9021614789962769;0.8468834757804871;0.8901272416114807;0.8512474894523621;0.9027345180511475;0.8566621541976929;0.853370726108551;0.8637812733650208;0.8549650311470032;0.9038512110710144;0.863693118095398;0.8529520034790039;0.8524376749992371;0.8556482791900635;0.8606809377670288;0.8644278049468994;0.8729795813560486;0.860776424407959;0.8491756916046143;0.8231382966041565;0.8166730403900146;0.8225725889205933;0.8341586589813232;0.8437830805778503
5;recodex.hdf5;dense-custom-128;0.8382508754730225;0.8392133116722107;0.8618637323379517;0.8341512680053711;0.8738465309143066;0.866499662399292;0.8500058650970459;0.867197573184967;0.8435332775115967;0.8815975189208984;0.8362451791763306;0.8413879871368408;0.84755939245224;0.8237407207489014;0.8272231817245483;0.8706727027893066;0.8118828535079956;0.845619797706604;0.8235129714012146;0.8645747900009155;0.84548020362854;0.8472654819488525;0.8980472087860107;0.839499831199646;0.8231015801429749;0.8771452903747559;0.812639594078064;0.8426442742347717;0.8338426947593689;0.9068708419799805;0.8365169763565063;0.8737363219261169;0.849006712436676;0.8492711782455444;0.8623412847518921;0.8811346292495728;0.8711649179458618;0.825812578201294;0.8831256628036499;0.8840734362602234;0.8905901312828064;0.8628702759742737;0.8421520590782166;0.8623118996620178;0.9136372804641724;0.838214099407196;0.9044683575630188;0.8388018608093262;0.8821852803230286;0.8998839259147644;0.8619372248649597;0.8519527912139893;0.8957035541534424;0.8799371123313904;0.8836032152175903;0.9102357029914856;0.8528417944908142;0.9162307381629944;0.828663170337677;0.8657796382904053;0.9026978015899658;0.8562727570533752;0.8536205291748047;0.8945721387863159;0.8750367164611816;0.8340557813644409;0.8010755777359009;0.8510858416557312;0.8995532989501953;0.8517617583274841;0.867763340473175;0.8518279194831848;0.8999279737472534;0.8988479971885681;0.8490360975265503;0.8322557806968689;0.8888047933578491;0.8322190642356873;0.8657723069190979;0.8550899028778076;0.840080201625824;0.8832725882530212;0.8783648610115051;0.8898480534553528;0.8536573052406311;0.8748897910118103;0.8672783970832825;0.8441210389137268;0.8687845468521118;0.8723551034927368;0.8838750720024109;0.8573821783065796;0.872083306312561;0.855802595615387;0.8552736043930054;0.8510858416557312;0.8600857853889465;0.8580654263496399;0.8566254377365112;0.8560891151428223
1;recodex.hdf5;dense-custom-256;0.8201995491981506;0.829456627368927;0.8726563453674316;0.8666759729385376;0.8256068825721741;0.8222566843032837;0.852672815322876;0.8633551597595215;0.9119548797607422;0.8647143244743347;0.8805469274520874;0.8114420771598816;0.8263121843338013;0.8719510436058044;0.811353862285614;0.8678073883056641;0.8956447839736938;0.8642808794975281;0.8600050210952759;0.9179131984710693;0.8564858436584473;0.8982896208763123;0.9147613644599915;0.8103399872779846;0.8811566829681396;0.9126821756362915;0.8858439922332764;0.895953357219696;0.8600784540176392;0.8994724750518799;0.8742359280586243;0.8647069931030273;0.8226240277290344;0.887283980846405;0.8582858443260193;0.9123589396476746;0.879136323928833;0.9090675115585327;0.8484042286872864;0.8245121836662292;0.876329779624939;0.9072234630584717;0.8645527362823486;0.8909280300140381;0.8772554993629456;0.8073351383209229;0.8838015794754028;0.9060038924217224;0.8701583743095398;0.9137401580810547;0.8071588277816772;0.8970773816108704;0.8803117871284485;0.8269513249397278;0.8579404950141907;0.8351578116416931;0.9002586007118225;0.8701804280281067;0.9118593335151672;0.8442532420158386;0.8277668356895447;0.8541274666786194;0.819949746131897;0.8831477165222168;0.8750514388084412;0.8443194031715393;0.8015310764312744;0.8004804849624634;0.8237113356590271;0.8943517208099365;0.9014047384262085;0.8219995498657227;0.8272819519042969;0.8667200803756714;0.8757053017616272;0.8153138756752014;0.8199864625930786;0.861356794834137;0.8789011836051941;0.8939035534858704;0.8530622124671936;0.8725828528404236;0.9028814435005188;0.8680204749107361;0.8547960519790649;0.8562213182449341;0.8859983086585999;0.857323408126831;0.8731485605239868;0.8307643532752991;0.8665584325790405;0.8312272429466248;0.8412042856216431;0.8412924408912659;0.853583812713623;0.8509315848350525;0.8607617020606995;0.8595348000526428;0.8588515520095825;0.8575217723846436
2;recodex.hdf5;dense-custom-256;0.8177015781402588;0.8416451215744019;0.8298239707946777;0.8688653707504272;0.8821852803230286;0.8574041724205017;0.8719363212585449;0.8802089691162109;0.8956521153450012;0.8612980246543884;0.8893337845802307;0.8852195143699646;0.8989582061767578;0.8664261698722839;0.8780416250228882;0.8564123511314392;0.8550017476081848;0.8875558376312256;0.9103826284408569;0.900155782699585;0.8826481103897095;0.8552588820457458;0.8882611393928528;0.8701363801956177;0.9105589389801025;0.8755216002464294;0.9028961658477783;0.9015443325042725;0.8799664974212646;0.877240777015686;0.8454140424728394;0.9035353064537048;0.8959019184112549;0.9103018045425415;0.8898701071739197;0.8661910891532898;0.8975769877433777;0.8872326016426086;0.9056218266487122;0.8524082899093628;0.9162895083427429;0.8890031576156616;0.9048357009887695;0.9009712338447571;0.8934480547904968;0.8180469274520874;0.8875778913497925;0.8366419076919556;0.818149745464325;0.8814138174057007;0.8623853921890259;0.8864611387252808;0.8377439379692078;0.9054014086723328;0.9004055261611938;0.8106412291526794;0.8188403844833374;0.8243211507797241;0.7995253801345825;0.8202435970306396;0.8158942461013794;0.7992388606071472;0.7877629995346069;0.8259888887405396;0.8054396510124207;0.8155122399330139;0.8051971793174744;0.7918846011161804;0.8178338408470154;0.7889385223388672;0.8172240257263184;0.8305292725563049;0.7930748462677002;0.7999588847160339;0.7981147766113281;0.7914584875106812;0.8194207549095154;0.860893964767456;0.8081653118133545;0.8339970111846924;0.8928235769271851;0.8550017476081848;0.8537086844444275;0.8675135374069214;0.8479193449020386;0.8663086295127869;0.8459063172340393;0.8537160754203796;0.8748162984848022;0.8723918795585632;0.8588882684707642;0.8417920470237732;0.8408810496330261;0.8264223337173462;0.8351210951805115;0.8400214314460754;0.8588662147521973;0.854773998260498;0.8468687534332275;0.8449438810348511
3;recodex.hdf5;dense-custom-256;0.8796138763427734;0.838750422000885;0.84360671043396;0.8087824583053589;0.804396390914917;0.8348051309585571;0.8690563440322876;0.7971890568733215;0.8680939078330994;0.8265766501426697;0.8622090816497803;0.8191195726394653;0.8529372811317444;0.8289349675178528;0.8268852233886719;0.8633111119270325;0.8707755208015442;0.8169081211090088;0.8286925554275513;0.7971009016036987;0.8425561189651489;0.8421079516410828;0.8727518320083618;0.792810320854187;0.8638400435447693;0.8546785116195679;0.8835077285766602;0.8232485055923462;0.8170550465583801;0.8108616471290588;0.7898642420768738;0.8294639587402344;0.8166216015815735;0.8267382979393005;0.8199350237846375;0.7933319807052612;0.7963074445724487;0.817290186882019;0.8507258892059326;0.8501601815223694;0.8256509304046631;0.8228884935379028;0.796873152256012;0.8066665530204773;0.8248060345649719;0.8272746205329895;0.8016192317008972;0.7931997179985046;0.807827353477478;0.8398304581642151;0.8113759160041809;0.8044257760047913;0.8051016926765442;0.8032281994819641;0.8000617027282715;0.84786057472229;0.8195824027061462;0.8260329961776733;0.8244974613189697;0.8756832480430603;0.8757567405700684;0.8437904119491577;0.8043596744537354;0.8206183314323425;0.8059172034263611;0.859769880771637;0.8455389738082886;0.8167464733123779;0.8162983655929565;0.8137636780738831;0.8255554437637329;0.8133816123008728;0.8231015801429749;0.8158281445503235;0.7963809370994568;0.8236379027366638;0.8164893388748169;0.7953964471817017;0.817356288433075;0.8178779482841492;0.8129922151565552;0.8349006772041321;0.8292949795722961;0.8197954893112183;0.8078641295433044;0.8197954893112183;0.8152918219566345;0.8147040605545044;0.8413144946098328;0.829713761806488;0.8570074439048767;0.8479193449020386;0.8500940203666687;0.8476181626319885;0.8380671739578247;0.8389781713485718;0.8422695994377136;0.841696560382843;0.8503217697143555;0.8557438254356384
4;recodex.hdf5;dense-custom-256;0.8075114488601685;0.8463471531867981;0.8220142126083374;0.8291480541229248;0.8566327691078186;0.8221170902252197;0.8775053024291992;0.797622561454773;0.8221538066864014;0.7937948107719421;0.8363112807273865;0.8200305700302124;0.8876587152481079;0.8209856748580933;0.8193693161010742;0.8542743921279907;0.859843373298645;0.8401463627815247;0.8183260560035706;0.8143367171287537;0.8300223350524902;0.8598580360412598;0.8319251537322998;0.8001351952552795;0.8240640163421631;0.8532017469406128;0.8250337839126587;0.8740742802619934;0.8563683032989502;0.8772113919258118;0.8623339533805847;0.8466410040855408;0.8552442193031311;0.8100167512893677;0.8167538642883301;0.8711061477661133;0.8657796382904053;0.8398010730743408;0.851996898651123;0.8296623229980469;0.8397642970085144;0.80645352602005;0.8026037216186523;0.8064755201339722;0.8360247611999512;0.8476989269256592;0.8613494634628296;0.8012078404426575;0.8240492939949036;0.8098183870315552;0.7969686985015869;0.794397234916687;0.8554646372795105;0.8419389724731445;0.8243064284324646;0.8118167519569397;0.8159750699996948;0.8354663848876953;0.8158795833587646;0.8545389175415039;0.801310658454895;0.8167685270309448;0.8211840391159058;0.8125587701797485;0.835716187953949;0.8558099269866943;0.848095715045929;0.8532972931861877;0.8313888311386108;0.8548842072486877;0.8186126351356506;0.8198762536048889;0.8273259997367859;0.8291701078414917;0.8079890012741089;0.8362671732902527;0.8175252676010132;0.8233219981193542;0.8299635648727417;0.8625543713569641;0.8382434844970703;0.8156150579452515;0.806593120098114;0.8497487306594849;0.8477724194526672;0.8313153982162476;0.825577437877655;0.8354443311691284;0.8308084607124329;0.8283325433731079;0.8319839835166931;0.8315578103065491;0.8300811052322388;0.8422843217849731;0.8435479402542114;0.8535177111625671;0.8500352501869202;0.8512768745422363;0.8511887192726135;0.851269543170929
5;recodex.hdf5;dense-custom-256;0.8098918795585632;0.8331373929977417;0.8348492383956909;0.8174517750740051;0.8667347431182861;0.841042697429657;0.8531576991081238;0.8654416799545288;0.9010300636291504;0.8811420202255249;0.8750367164611816;0.8308011293411255;0.863296389579773;0.8816783428192139;0.8676384091377258;0.8415863513946533;0.840080201625824;0.8261358141899109;0.814344048500061;0.818803608417511;0.8093775510787964;0.8090469837188721;0.8090249300003052;0.8197734355926514;0.8215587139129639;0.8362010717391968;0.8712384104728699;0.8828979134559631;0.7948747873306274;0.8960488438606262;0.8059980273246765;0.821933388710022;0.8015751838684082;0.8862921595573425;0.8778064846992493;0.8476548790931702;0.8483087420463562;0.9097948670387268;0.8484116196632385;0.8932570219039917;0.8780783414840698;0.8250925540924072;0.8230868577957153;0.8253350257873535;0.8842276930809021;0.8028388619422913;0.8631421327590942;0.8827950358390808;0.8948953747749329;0.8107367753982544;0.8947998881340027;0.883897066116333;0.8794668912887573;0.8079890012741089;0.8886064291000366;0.8061008453369141;0.8340410590171814;0.8164305686950684;0.8615331649780273;0.8846611380577087;0.7990552186965942;0.8574482798576355;0.8622678518295288;0.8793860673904419;0.8538115620613098;0.8555086851119995;0.8127718567848206;0.8525111675262451;0.8317267894744873;0.8035441637039185;0.8783648610115051;0.796336829662323;0.8269219398498535;0.8140795826911926;0.8297431468963623;0.7969686985015869;0.8796799778938293;0.8007670044898987;0.8544507622718811;0.8398671746253967;0.8154534697532654;0.8283031582832336;0.8128673434257507;0.8455389738082886;0.8486393690109253;0.8470524549484253;0.8475887775421143;0.8119122385978699;0.8231309652328491;0.8252100944519043;0.82121342420578;0.8305366039276123;0.8153212070465088;0.8266721367835999;0.8125954866409302;0.8112877607345581;0.8142706155776978;0.8204125761985779;0.8295888900756836;0.8392647504806519
